id;lastname;firstname;title;experience;age;type_of_speciality
1;program Yen SMS;Sleek Cotton Keyboar;deposit Metal;Berkshire Savings Account;24873;Borders deposit Clothing
2;Iowa navigating Icel;program;Accountability rich Granite;users;11314;optimize back up Switchable
3;AIX;Berkshire;deposit Home Loan Account;enable Customer;56299;Outdoors Liberian Dollar
4;Table client-driven ;infomediaries Gorgeo;mission-critical;TCP;27610;next-generation Avon
5;cross-media;Fresh Towels multi-b;Metal;rich aggregate Bike;67792;Pa'anga green Rustic
6;Wooden Unbranded Sof;Fish;Metal incentivize Licensed Granite Pizza;24/365 engage;56164;Refined Soap Awesome Steel Salad
7;service-desk revolut;International Rufiya;clear-thinking Pound Sterling;Bike SCSI;15162;Licensed Metal Bacon deliver
8;ROI Ergonomic Steel ;Usability;Focused Applications Chief;enable challenge;4535;Buckinghamshire Administrator Small Metal Shirt
9;Generic Cotton Pizza;Metal synthesize;Credit Card Account Beauty Home;Unbranded AGP e-markets;69196;Legacy radical
10;pink Facilitator;Colombian Peso Unida;Money Market Account Marketing;National California;60535;alarm program grid-enabled
