id;lastname;firstname;confidentiality_agreement;age;hometown;adress;social_security_number;phonenumber
1;Steel Graphical User Inte;Personal Loan Account;Architect Montana Paradigm;41168;Sleek Seychelles Rupee;Central African Republic Texas;Pre-emptive;Iraq
2;Investment Account;Response purple Handmade;Money Market Account Tugrik FTP;1621;transmitting systems;Credit Card Account Computer;New Jersey synergistic;Iowa
3;Cambridgeshire Berkshire;demand-driven sexy Unbran;efficient;68101;withdrawal Small Plastic Chair;digital Coordinator;GB Plastic compressing;Frozen Checking Account Sleek Concrete Shirt
4;Refined 1080p;Australia;Global Response;75045;Steel;turquoise;Salad Progressive;eyeballs HTTP revolutionize
5;action-items human-resour;Handcrafted Plastic Table;Implemented Avon;32770;Borders;AI Dynamic;port;Movies Re-contextualized Small
6;Program;architecture;COM expedite Human;59978;District definition;Checking Account embrace;Usability Salad;programming Israel
7;JSON Creative digital;application;e-services Berkshire online;1321;Australian Dollar;channels;implementation front-end Exclusive;cross-media
8;primary Fantastic Granite;Ergonomic;Iceland Krona;34010;Investment Account deposit gold;Fully-configurable cultivate;Senior;back up
9;Kids;Handcrafted content-based;Sleek Wooden Mouse Kentucky Directives;8128;Motorway;portals Plaza yellow;Stand-alone Turkish Lira;Senior Estates
10;Intelligent open-source;paradigm;Persevering Aruban Guilder circuit;53940;Awesome service-desk;Licensed Pre-emptive Inlet;quantify platforms back-end;HTTP bandwidth-monitored
